{
    "colors": {
        "1": [
            0.24244341945863568,
            0.26506128895041536,
            0.16341075213976441
        ],
        "10": [
            0.054350872553054264,
            0.39222235577993325,
            0.32040089837523844
        ],
        "11": [
            0.5817120398975743,
            0.9214678296697688,
            0.6047463636238909
        ],
        "12": [
            0.06146726727284291,
            0.9439896749185879,
            0.42266545446193826
        ],
        "13": [
            0.04277799520669168,
            0.10950344539879031,
            0.2504216176999162
        ],
        "14": [
            0.8551185718809889,
            0.06095410134621515,
            0.8469712440432755
        ],
        "15": [
            0.8306771066496939,
            0.7416227431225838,
            0.512174490923417
        ],
        "16": [
            0.14245059581780029,
            0.3774281154421859,
            0.765192695958148
        ],
        "17": [
            0.7617913018128736,
            0.9321490750134314,
            0.1470330062610179
        ],
        "18": [
            0.6406442527207278,
            0.6543438944588136,
            0.5291113653160102
        ],
        "19": [
            0.9878841805091303,
            0.5575510037813346,
            0.06441088935938855
        ],
        "2": [
            0.1255078461564857,
            0.12233308368580542,
            0.5450767835968288
        ],
        "20": [
            0.5728041578386543,
            0.14576627400055364,
            0.7534925635781607
        ],
        "21": [
            0.9329040452981044,
            0.11233647245335221,
            0.5396297364640567
        ],
        "22": [
            0.14620768062164824,
            0.09373738579264546,
            0.5068801047064442
        ],
        "23": [
            0.6546097310987439,
            0.7945789669110026,
            0.27630792572226637
        ],
        "3": [
            0.16649034091418902,
            0.03682036260583388,
            0.6619350708621528
        ],
        "4": [
            0.7765856115741657,
            0.5154934986599926,
            0.6117677188697547
        ],
        "5": [
            0.08969844154820095,
            0.5868558100756598,
            0.4151253130410737
        ],
        "6": [
            0.9215396059424961,
            0.9948308179150402,
            0.39145571364042453
        ],
        "7": [
            0.2296801366880461,
            0.29405925415503664,
            0.9311257663362271
        ],
        "8": [
            0.7340506018758023,
            0.6066092016874188,
            0.3604601022564804
        ],
        "9": [
            0.18404576377945714,
            0.9884773813221981,
            0.7850669894691563
        ]
    },
    "filename": {
        "1": "right_cortical_surface/sulcus1.vtk",
        "10": "right_cortical_surface/sulcus10.vtk",
        "11": "right_cortical_surface/sulcus11.vtk",
        "12": "right_cortical_surface/sulcus12.vtk",
        "13": "right_cortical_surface/sulcus13.vtk",
        "14": "right_cortical_surface/sulcus14.vtk",
        "15": "right_cortical_surface/sulcus15.vtk",
        "16": "right_cortical_surface/sulcus16.vtk",
        "17": "right_cortical_surface/sulcus17.vtk",
        "18": "right_cortical_surface/sulcus18.vtk",
        "19": "right_cortical_surface/sulcus19.vtk",
        "2": "right_cortical_surface/sulcus2.vtk",
        "20": "right_cortical_surface/sulcus20.vtk",
        "21": "right_cortical_surface/sulcus21.vtk",
        "22": "right_cortical_surface/sulcus22.vtk",
        "23": "right_cortical_surface/sulcus23.vtk",
        "3": "right_cortical_surface/sulcus3.vtk",
        "4": "right_cortical_surface/sulcus4.vtk",
        "5": "right_cortical_surface/sulcus5.vtk",
        "6": "right_cortical_surface/sulcus6.vtk",
        "7": "right_cortical_surface/sulcus7.vtk",
        "8": "right_cortical_surface/sulcus8.vtk",
        "9": "right_cortical_surface/sulcus9.vtk"
    },
    "names": {
        "1": "sulcus1",
        "10": "sulcus10",
        "11": "sulcus11",
        "12": "sulcus12",
        "13": "sulcus13",
        "14": "sulcus14",
        "15": "sulcus15",
        "16": "sulcus16",
        "17": "sulcus17",
        "18": "sulcus18",
        "19": "sulcus19",
        "2": "sulcus2",
        "20": "sulcus20",
        "21": "sulcus21",
        "22": "sulcus22",
        "23": "sulcus23",
        "3": "sulcus3",
        "4": "sulcus4",
        "5": "sulcus5",
        "6": "sulcus6",
        "7": "sulcus7",
        "8": "sulcus8",
        "9": "sulcus9"
    }
}
